file,index,role,before_text,before_href,after_text,after_href,status
blueprint-vip/jm-a1-1.html,1,primary CTA,Finish My Registration,https://www.longevitylifeacademy.com/julie-masterclass/?utm_source=activecampaign&utm_medium=email&utm_campaign=lgv_abandoned_cart_name_details&utm_content=jm-a1-1,Continue My Details,https://longevitylifeacademy.pages.dev/?utm_source=activecampaign&utm_medium=email&utm_campaign=lgv_abandoned_cart_name_details&utm_content=jm-a1-1,revised
blueprint-vip/jm-a1-1.html,2,primary CTA,Finish My Registration,https://www.longevitylifeacademy.com/julie-masterclass/?utm_source=activecampaign&utm_medium=email&utm_campaign=lgv_abandoned_cart_name_details&utm_content=jm-a1-1,Continue My Details,https://longevitylifeacademy.pages.dev/?utm_source=activecampaign&utm_medium=email&utm_campaign=lgv_abandoned_cart_name_details&utm_content=jm-a1-1,revised
blueprint-vip/jm-a1-1.html,3,footer,Unsubscribe,%UNSUBSCRIBELINK%,Unsubscribe,%UNSUBSCRIBELINK%,unchanged
blueprint-vip/jm-a1-1.html,4,footer,Update preferences,%UPDATELINK%,Update preferences,%UPDATELINK%,unchanged
blueprint-vip/jm-a1-1.html,5,footer,Privacy,https://www.longevitylifeacademy.com/privacy.html,Privacy,https://www.longevitylifeacademy.com/privacy.html,unchanged
blueprint-vip/jm-a1-2.html,1,primary CTA,Take My Seat,https://www.longevitylifeacademy.com/julie-masterclass/?utm_source=activecampaign&utm_medium=email&utm_campaign=lgv_abandoned_cart_name_details&utm_content=jm-a1-2,Continue My Details,https://longevitylifeacademy.pages.dev/?utm_source=activecampaign&utm_medium=email&utm_campaign=lgv_abandoned_cart_name_details&utm_content=jm-a1-2,revised
blueprint-vip/jm-a1-2.html,2,primary CTA,Take My Seat,https://www.longevitylifeacademy.com/julie-masterclass/?utm_source=activecampaign&utm_medium=email&utm_campaign=lgv_abandoned_cart_name_details&utm_content=jm-a1-2,Continue My Details,https://longevitylifeacademy.pages.dev/?utm_source=activecampaign&utm_medium=email&utm_campaign=lgv_abandoned_cart_name_details&utm_content=jm-a1-2,revised
blueprint-vip/jm-a1-2.html,3,footer,Unsubscribe,%UNSUBSCRIBELINK%,Unsubscribe,%UNSUBSCRIBELINK%,unchanged
blueprint-vip/jm-a1-2.html,4,footer,Update preferences,%UPDATELINK%,Update preferences,%UPDATELINK%,unchanged
blueprint-vip/jm-a1-2.html,5,footer,Privacy,https://www.longevitylifeacademy.com/privacy.html,Privacy,https://www.longevitylifeacademy.com/privacy.html,unchanged
blueprint-vip/jm-a1-3.html,1,primary CTA,Complete My Registration,https://www.longevitylifeacademy.com/julie-masterclass/?utm_source=activecampaign&utm_medium=email&utm_campaign=lgv_abandoned_cart_name_details&utm_content=jm-a1-3,Continue My Details,https://longevitylifeacademy.pages.dev/?utm_source=activecampaign&utm_medium=email&utm_campaign=lgv_abandoned_cart_name_details&utm_content=jm-a1-3,revised
blueprint-vip/jm-a1-3.html,2,primary CTA,Complete My Registration,https://www.longevitylifeacademy.com/julie-masterclass/?utm_source=activecampaign&utm_medium=email&utm_campaign=lgv_abandoned_cart_name_details&utm_content=jm-a1-3,Continue My Details,https://longevitylifeacademy.pages.dev/?utm_source=activecampaign&utm_medium=email&utm_campaign=lgv_abandoned_cart_name_details&utm_content=jm-a1-3,revised
blueprint-vip/jm-a1-3.html,3,footer,Unsubscribe,%UNSUBSCRIBELINK%,Unsubscribe,%UNSUBSCRIBELINK%,unchanged
blueprint-vip/jm-a1-3.html,4,footer,Update preferences,%UPDATELINK%,Update preferences,%UPDATELINK%,unchanged
blueprint-vip/jm-a1-3.html,5,footer,Privacy,https://www.longevitylifeacademy.com/privacy.html,Privacy,https://www.longevitylifeacademy.com/privacy.html,unchanged
blueprint-vip/jm-a2-1.html,1,primary CTA,Lock In My Date,https://www.longevitylifeacademy.com/julie-masterclass/?utm_source=activecampaign&utm_medium=email&utm_campaign=lgv_abandoned_cart_course_details&utm_content=jm-a2-1,Review Package and Date,https://longevitylifeacademy.pages.dev/?utm_source=activecampaign&utm_medium=email&utm_campaign=lgv_abandoned_cart_course_details&utm_content=jm-a2-1,revised
blueprint-vip/jm-a2-1.html,2,primary CTA,Lock In My Date,https://www.longevitylifeacademy.com/julie-masterclass/?utm_source=activecampaign&utm_medium=email&utm_campaign=lgv_abandoned_cart_course_details&utm_content=jm-a2-1,Review Package and Date,https://longevitylifeacademy.pages.dev/?utm_source=activecampaign&utm_medium=email&utm_campaign=lgv_abandoned_cart_course_details&utm_content=jm-a2-1,revised
blueprint-vip/jm-a2-1.html,3,footer,Unsubscribe,%UNSUBSCRIBELINK%,Unsubscribe,%UNSUBSCRIBELINK%,unchanged
blueprint-vip/jm-a2-1.html,4,footer,Update preferences,%UPDATELINK%,Update preferences,%UPDATELINK%,unchanged
blueprint-vip/jm-a2-1.html,5,footer,Privacy,https://www.longevitylifeacademy.com/privacy.html,Privacy,https://www.longevitylifeacademy.com/privacy.html,unchanged
blueprint-vip/jm-a2-2.html,1,primary CTA,Secure My Seat,https://www.longevitylifeacademy.com/julie-masterclass/?utm_source=activecampaign&utm_medium=email&utm_campaign=lgv_abandoned_cart_course_details&utm_content=jm-a2-2,Review Package and Date,https://longevitylifeacademy.pages.dev/?utm_source=activecampaign&utm_medium=email&utm_campaign=lgv_abandoned_cart_course_details&utm_content=jm-a2-2,revised
blueprint-vip/jm-a2-2.html,2,primary CTA,Secure My Seat,https://www.longevitylifeacademy.com/julie-masterclass/?utm_source=activecampaign&utm_medium=email&utm_campaign=lgv_abandoned_cart_course_details&utm_content=jm-a2-2,Review Package and Date,https://longevitylifeacademy.pages.dev/?utm_source=activecampaign&utm_medium=email&utm_campaign=lgv_abandoned_cart_course_details&utm_content=jm-a2-2,revised
blueprint-vip/jm-a2-2.html,3,footer,Unsubscribe,%UNSUBSCRIBELINK%,Unsubscribe,%UNSUBSCRIBELINK%,unchanged
blueprint-vip/jm-a2-2.html,4,footer,Update preferences,%UPDATELINK%,Update preferences,%UPDATELINK%,unchanged
blueprint-vip/jm-a2-2.html,5,footer,Privacy,https://www.longevitylifeacademy.com/privacy.html,Privacy,https://www.longevitylifeacademy.com/privacy.html,unchanged
blueprint-vip/jm-a2-3.html,1,primary CTA,Keep My Seat,https://www.longevitylifeacademy.com/julie-masterclass/?utm_source=activecampaign&utm_medium=email&utm_campaign=lgv_abandoned_cart_course_details&utm_content=jm-a2-3,Review Package and Date,https://longevitylifeacademy.pages.dev/?utm_source=activecampaign&utm_medium=email&utm_campaign=lgv_abandoned_cart_course_details&utm_content=jm-a2-3,revised
blueprint-vip/jm-a2-3.html,2,primary CTA,Keep My Seat,https://www.longevitylifeacademy.com/julie-masterclass/?utm_source=activecampaign&utm_medium=email&utm_campaign=lgv_abandoned_cart_course_details&utm_content=jm-a2-3,Review Package and Date,https://longevitylifeacademy.pages.dev/?utm_source=activecampaign&utm_medium=email&utm_campaign=lgv_abandoned_cart_course_details&utm_content=jm-a2-3,revised
blueprint-vip/jm-a2-3.html,3,footer,Unsubscribe,%UNSUBSCRIBELINK%,Unsubscribe,%UNSUBSCRIBELINK%,unchanged
blueprint-vip/jm-a2-3.html,4,footer,Update preferences,%UPDATELINK%,Update preferences,%UPDATELINK%,unchanged
blueprint-vip/jm-a2-3.html,5,footer,Privacy,https://www.longevitylifeacademy.com/privacy.html,Privacy,https://www.longevitylifeacademy.com/privacy.html,unchanged
blueprint-vip/jm-a3-1.html,1,primary CTA,Complete My Payment,https://www.longevitylifeacademy.com/julie-masterclass/?utm_source=activecampaign&utm_medium=email&utm_campaign=lgv_abandoned_cart_no_payment&utm_content=jm-a3-1,Review Offer and Complete Booking,https://longevitylifeacademy.pages.dev/?utm_source=activecampaign&utm_medium=email&utm_campaign=lgv_abandoned_cart_no_payment&utm_content=jm-a3-1,revised
blueprint-vip/jm-a3-1.html,2,primary CTA,Complete My Payment,https://www.longevitylifeacademy.com/julie-masterclass/?utm_source=activecampaign&utm_medium=email&utm_campaign=lgv_abandoned_cart_no_payment&utm_content=jm-a3-1,Review Offer and Complete Booking,https://longevitylifeacademy.pages.dev/?utm_source=activecampaign&utm_medium=email&utm_campaign=lgv_abandoned_cart_no_payment&utm_content=jm-a3-1,revised
blueprint-vip/jm-a3-1.html,3,footer,Unsubscribe,%UNSUBSCRIBELINK%,Unsubscribe,%UNSUBSCRIBELINK%,unchanged
blueprint-vip/jm-a3-1.html,4,footer,Update preferences,%UPDATELINK%,Update preferences,%UPDATELINK%,unchanged
blueprint-vip/jm-a3-1.html,5,footer,Privacy,https://www.longevitylifeacademy.com/privacy.html,Privacy,https://www.longevitylifeacademy.com/privacy.html,unchanged
blueprint-vip/jm-a3-2.html,1,primary CTA,Finish Checkout,https://www.longevitylifeacademy.com/julie-masterclass/?utm_source=activecampaign&utm_medium=email&utm_campaign=lgv_abandoned_cart_no_payment&utm_content=jm-a3-2,Review Offer and Complete Booking,https://longevitylifeacademy.pages.dev/?utm_source=activecampaign&utm_medium=email&utm_campaign=lgv_abandoned_cart_no_payment&utm_content=jm-a3-2,revised
blueprint-vip/jm-a3-2.html,2,primary CTA,Finish Checkout,https://www.longevitylifeacademy.com/julie-masterclass/?utm_source=activecampaign&utm_medium=email&utm_campaign=lgv_abandoned_cart_no_payment&utm_content=jm-a3-2,Review Offer and Complete Booking,https://longevitylifeacademy.pages.dev/?utm_source=activecampaign&utm_medium=email&utm_campaign=lgv_abandoned_cart_no_payment&utm_content=jm-a3-2,revised
blueprint-vip/jm-a3-2.html,3,footer,Unsubscribe,%UNSUBSCRIBELINK%,Unsubscribe,%UNSUBSCRIBELINK%,unchanged
blueprint-vip/jm-a3-2.html,4,footer,Update preferences,%UPDATELINK%,Update preferences,%UPDATELINK%,unchanged
blueprint-vip/jm-a3-2.html,5,footer,Privacy,https://www.longevitylifeacademy.com/privacy.html,Privacy,https://www.longevitylifeacademy.com/privacy.html,unchanged
blueprint-vip/jm-a3-3.html,1,primary CTA,Take My Seat Back,https://www.longevitylifeacademy.com/julie-masterclass/?utm_source=activecampaign&utm_medium=email&utm_campaign=lgv_abandoned_cart_no_payment&utm_content=jm-a3-3,Review Offer and Complete Booking,https://longevitylifeacademy.pages.dev/?utm_source=activecampaign&utm_medium=email&utm_campaign=lgv_abandoned_cart_no_payment&utm_content=jm-a3-3,revised
blueprint-vip/jm-a3-3.html,2,primary CTA,Take My Seat Back,https://www.longevitylifeacademy.com/julie-masterclass/?utm_source=activecampaign&utm_medium=email&utm_campaign=lgv_abandoned_cart_no_payment&utm_content=jm-a3-3,Review Offer and Complete Booking,https://longevitylifeacademy.pages.dev/?utm_source=activecampaign&utm_medium=email&utm_campaign=lgv_abandoned_cart_no_payment&utm_content=jm-a3-3,revised
blueprint-vip/jm-a3-3.html,3,footer,Unsubscribe,%UNSUBSCRIBELINK%,Unsubscribe,%UNSUBSCRIBELINK%,unchanged
blueprint-vip/jm-a3-3.html,4,footer,Update preferences,%UPDATELINK%,Update preferences,%UPDATELINK%,unchanged
blueprint-vip/jm-a3-3.html,5,footer,Privacy,https://www.longevitylifeacademy.com/privacy.html,Privacy,https://www.longevitylifeacademy.com/privacy.html,unchanged
blueprint-vip/jm-b1.html,1,primary CTA,Open My Zoom Link,{{zoom_link}},Open your learning platform,https://student.eteachergroup.com/?locale=en&utm_source=activecampaign&utm_medium=email&utm_campaign=lgv_onboarding&utm_content=jm-b1,revised
blueprint-vip/jm-b1.html,2,primary CTA,Open My Zoom Link,{{zoom_link}},Open your learning platform,https://student.eteachergroup.com/?locale=en&utm_source=activecampaign&utm_medium=email&utm_campaign=lgv_onboarding&utm_content=jm-b1,revised
blueprint-vip/jm-b1.html,3,footer,Unsubscribe,%UNSUBSCRIBELINK%,Unsubscribe,%UNSUBSCRIBELINK%,unchanged
blueprint-vip/jm-b1.html,4,footer,Update preferences,%UPDATELINK%,Update preferences,%UPDATELINK%,unchanged
blueprint-vip/jm-b1.html,5,footer,Privacy,https://www.longevitylifeacademy.com/privacy.html,Privacy,https://www.longevitylifeacademy.com/privacy.html,unchanged
blueprint-vip/jm-b2.html,1,primary CTA,Open My Zoom Link,{{zoom_link}},Open your learning platform,https://student.eteachergroup.com/?locale=en&utm_source=activecampaign&utm_medium=email&utm_campaign=lgv_onboarding&utm_content=jm-b2,revised
blueprint-vip/jm-b2.html,2,primary CTA,Open My Zoom Link,{{zoom_link}},Open your learning platform,https://student.eteachergroup.com/?locale=en&utm_source=activecampaign&utm_medium=email&utm_campaign=lgv_onboarding&utm_content=jm-b2,revised
blueprint-vip/jm-b2.html,3,footer,Unsubscribe,%UNSUBSCRIBELINK%,Unsubscribe,%UNSUBSCRIBELINK%,unchanged
blueprint-vip/jm-b2.html,4,footer,Update preferences,%UPDATELINK%,Update preferences,%UPDATELINK%,unchanged
blueprint-vip/jm-b2.html,5,footer,Privacy,https://www.longevitylifeacademy.com/privacy.html,Privacy,https://www.longevitylifeacademy.com/privacy.html,unchanged
blueprint-vip/jm-b3.html,1,primary CTA,Open My Zoom Link,{{zoom_link}},Open your learning platform,https://student.eteachergroup.com/?locale=en&utm_source=activecampaign&utm_medium=email&utm_campaign=lgv_onboarding&utm_content=jm-b3,revised
blueprint-vip/jm-b3.html,2,primary CTA,Open My Zoom Link,{{zoom_link}},Open your learning platform,https://student.eteachergroup.com/?locale=en&utm_source=activecampaign&utm_medium=email&utm_campaign=lgv_onboarding&utm_content=jm-b3,revised
blueprint-vip/jm-b3.html,3,footer,Unsubscribe,%UNSUBSCRIBELINK%,Unsubscribe,%UNSUBSCRIBELINK%,unchanged
blueprint-vip/jm-b3.html,4,footer,Update preferences,%UPDATELINK%,Update preferences,%UPDATELINK%,unchanged
blueprint-vip/jm-b3.html,5,footer,Privacy,https://www.longevitylifeacademy.com/privacy.html,Privacy,https://www.longevitylifeacademy.com/privacy.html,unchanged
blueprint-vip/jm-b4.html,1,primary CTA,Join The Session,{{zoom_link}},Open your learning platform,https://student.eteachergroup.com/?locale=en&utm_source=activecampaign&utm_medium=email&utm_campaign=lgv_onboarding&utm_content=jm-b4,revised
blueprint-vip/jm-b4.html,2,primary CTA,Join The Session,{{zoom_link}},Open your learning platform,https://student.eteachergroup.com/?locale=en&utm_source=activecampaign&utm_medium=email&utm_campaign=lgv_onboarding&utm_content=jm-b4,revised
blueprint-vip/jm-b4.html,3,footer,Unsubscribe,%UNSUBSCRIBELINK%,Unsubscribe,%UNSUBSCRIBELINK%,unchanged
blueprint-vip/jm-b4.html,4,footer,Update preferences,%UPDATELINK%,Update preferences,%UPDATELINK%,unchanged
blueprint-vip/jm-b4.html,5,footer,Privacy,https://www.longevitylifeacademy.com/privacy.html,Privacy,https://www.longevitylifeacademy.com/privacy.html,unchanged
blueprint-vip/jm-u1.html,1,primary CTA,See The Blueprint,https://www.longevitylifeacademy.com/pricing.html?utm_source=activecampaign&utm_medium=email&utm_campaign=lgv_onboarding&utm_content=jm-u1,,,removed — excluded
blueprint-vip/jm-u1.html,2,primary CTA,See The Blueprint,https://www.longevitylifeacademy.com/pricing.html?utm_source=activecampaign&utm_medium=email&utm_campaign=lgv_onboarding&utm_content=jm-u1,,,removed — excluded
blueprint-vip/jm-u1.html,3,footer,Unsubscribe,%UNSUBSCRIBELINK%,,,removed — excluded
blueprint-vip/jm-u1.html,4,footer,Update preferences,%UPDATELINK%,,,removed — excluded
blueprint-vip/jm-u1.html,5,footer,Privacy,https://www.longevitylifeacademy.com/privacy.html,,,removed — excluded
blueprint-vip/jm-u2.html,1,primary CTA,Explore The Full Course,https://www.longevitylifeacademy.com/pricing.html?utm_source=activecampaign&utm_medium=email&utm_campaign=lgv_onboarding&utm_content=jm-u2,,,removed — excluded
blueprint-vip/jm-u2.html,2,primary CTA,Explore The Full Course,https://www.longevitylifeacademy.com/pricing.html?utm_source=activecampaign&utm_medium=email&utm_campaign=lgv_onboarding&utm_content=jm-u2,,,removed — excluded
blueprint-vip/jm-u2.html,3,footer,Unsubscribe,%UNSUBSCRIBELINK%,,,removed — excluded
blueprint-vip/jm-u2.html,4,footer,Update preferences,%UPDATELINK%,,,removed — excluded
blueprint-vip/jm-u2.html,5,footer,Privacy,https://www.longevitylifeacademy.com/privacy.html,,,removed — excluded
blueprint-vip/jm-u3.html,1,primary CTA,See My Enrollment,https://www.longevitylifeacademy.com/pricing.html?utm_source=activecampaign&utm_medium=email&utm_campaign=lgv_onboarding&utm_content=jm-u3,,,removed — excluded
blueprint-vip/jm-u3.html,2,primary CTA,See My Enrollment,https://www.longevitylifeacademy.com/pricing.html?utm_source=activecampaign&utm_medium=email&utm_campaign=lgv_onboarding&utm_content=jm-u3,,,removed — excluded
blueprint-vip/jm-u3.html,3,footer,Unsubscribe,%UNSUBSCRIBELINK%,,,removed — excluded
blueprint-vip/jm-u3.html,4,footer,Update preferences,%UPDATELINK%,,,removed — excluded
blueprint-vip/jm-u3.html,5,footer,Privacy,https://www.longevitylifeacademy.com/privacy.html,,,removed — excluded
blueprint-vip/jm-u4.html,1,primary CTA,See My Course Details,https://www.longevitylifeacademy.com/pricing.html?utm_source=activecampaign&utm_medium=email&utm_campaign=lgv_onboarding&utm_content=jm-u4,,,removed — excluded
blueprint-vip/jm-u4.html,2,primary CTA,See My Course Details,https://www.longevitylifeacademy.com/pricing.html?utm_source=activecampaign&utm_medium=email&utm_campaign=lgv_onboarding&utm_content=jm-u4,,,removed — excluded
blueprint-vip/jm-u4.html,3,footer,Unsubscribe,%UNSUBSCRIBELINK%,,,removed — excluded
blueprint-vip/jm-u4.html,4,footer,Update preferences,%UPDATELINK%,,,removed — excluded
blueprint-vip/jm-u4.html,5,footer,Privacy,https://www.longevitylifeacademy.com/privacy.html,,,removed — excluded
blueprint-vip/jm-x1.html,1,primary CTA,See Session Details,https://www.longevitylifeacademy.com/julie-masterclass/?utm_source=activecampaign&utm_medium=email&utm_campaign=lgv_no_show_buyers&utm_content=jm-x1,Open your learning platform,https://student.eteachergroup.com/?locale=en&utm_source=activecampaign&utm_medium=email&utm_campaign=lgv_no_show_buyers&utm_content=jm-x1,revised
blueprint-vip/jm-x1.html,2,primary CTA,See Session Details,https://www.longevitylifeacademy.com/julie-masterclass/?utm_source=activecampaign&utm_medium=email&utm_campaign=lgv_no_show_buyers&utm_content=jm-x1,Open your learning platform,https://student.eteachergroup.com/?locale=en&utm_source=activecampaign&utm_medium=email&utm_campaign=lgv_no_show_buyers&utm_content=jm-x1,revised
blueprint-vip/jm-x1.html,3,footer,Unsubscribe,%UNSUBSCRIBELINK%,Unsubscribe,%UNSUBSCRIBELINK%,unchanged
blueprint-vip/jm-x1.html,4,footer,Update preferences,%UPDATELINK%,Update preferences,%UPDATELINK%,unchanged
blueprint-vip/jm-x1.html,5,footer,Privacy,https://www.longevitylifeacademy.com/privacy.html,Privacy,https://www.longevitylifeacademy.com/privacy.html,unchanged
blueprint-vip/jm-x2.html,1,primary CTA,Open My Zoom Link,{{zoom_link}},Open your learning platform,https://student.eteachergroup.com/?locale=en&utm_source=activecampaign&utm_medium=email&utm_campaign=lgv_no_show_buyers&utm_content=jm-x2,revised
blueprint-vip/jm-x2.html,2,primary CTA,Open My Zoom Link,{{zoom_link}},Open your learning platform,https://student.eteachergroup.com/?locale=en&utm_source=activecampaign&utm_medium=email&utm_campaign=lgv_no_show_buyers&utm_content=jm-x2,revised
blueprint-vip/jm-x2.html,3,footer,Unsubscribe,%UNSUBSCRIBELINK%,Unsubscribe,%UNSUBSCRIBELINK%,unchanged
blueprint-vip/jm-x2.html,4,footer,Update preferences,%UPDATELINK%,Update preferences,%UPDATELINK%,unchanged
blueprint-vip/jm-x2.html,5,footer,Privacy,https://www.longevitylifeacademy.com/privacy.html,Privacy,https://www.longevitylifeacademy.com/privacy.html,unchanged
blueprint-vip/jm-x3.html,1,primary CTA,Open My Zoom Link,{{zoom_link}},Open your learning platform,https://student.eteachergroup.com/?locale=en&utm_source=activecampaign&utm_medium=email&utm_campaign=lgv_no_show_buyers&utm_content=jm-x3,revised
blueprint-vip/jm-x3.html,2,primary CTA,Open My Zoom Link,{{zoom_link}},Open your learning platform,https://student.eteachergroup.com/?locale=en&utm_source=activecampaign&utm_medium=email&utm_campaign=lgv_no_show_buyers&utm_content=jm-x3,revised
blueprint-vip/jm-x3.html,3,footer,Unsubscribe,%UNSUBSCRIBELINK%,Unsubscribe,%UNSUBSCRIBELINK%,unchanged
blueprint-vip/jm-x3.html,4,footer,Update preferences,%UPDATELINK%,Update preferences,%UPDATELINK%,unchanged
blueprint-vip/jm-x3.html,5,footer,Privacy,https://www.longevitylifeacademy.com/privacy.html,Privacy,https://www.longevitylifeacademy.com/privacy.html,unchanged
masterclass/jm-a1-1.html,1,primary CTA,Finish My Registration,https://www.longevitylifeacademy.com/julie-masterclass/?utm_source=activecampaign&utm_medium=email&utm_campaign=lgv_abandoned_cart_name_details&utm_content=jm-a1-1,Continue My Details,https://www.longevitylifeacademy.com/julie-masterclass/?preview=zoom-link-sample&utm_source=activecampaign&utm_medium=email&utm_campaign=lgv_abandoned_cart_name_details&utm_content=jm-a1-1#pricing,revised
masterclass/jm-a1-1.html,2,primary CTA,Finish My Registration,https://www.longevitylifeacademy.com/julie-masterclass/?utm_source=activecampaign&utm_medium=email&utm_campaign=lgv_abandoned_cart_name_details&utm_content=jm-a1-1,Continue My Details,https://www.longevitylifeacademy.com/julie-masterclass/?preview=zoom-link-sample&utm_source=activecampaign&utm_medium=email&utm_campaign=lgv_abandoned_cart_name_details&utm_content=jm-a1-1#pricing,revised
masterclass/jm-a1-1.html,3,footer,Unsubscribe,%UNSUBSCRIBELINK%,Unsubscribe,%UNSUBSCRIBELINK%,unchanged
masterclass/jm-a1-1.html,4,footer,Update preferences,%UPDATELINK%,Update preferences,%UPDATELINK%,unchanged
masterclass/jm-a1-1.html,5,footer,Privacy,https://www.longevitylifeacademy.com/privacy.html,Privacy,https://www.longevitylifeacademy.com/privacy.html,unchanged
masterclass/jm-a1-2.html,1,primary CTA,Take My Seat,https://www.longevitylifeacademy.com/julie-masterclass/?utm_source=activecampaign&utm_medium=email&utm_campaign=lgv_abandoned_cart_name_details&utm_content=jm-a1-2,Continue My Details,https://www.longevitylifeacademy.com/julie-masterclass/?preview=zoom-link-sample&utm_source=activecampaign&utm_medium=email&utm_campaign=lgv_abandoned_cart_name_details&utm_content=jm-a1-2#pricing,revised
masterclass/jm-a1-2.html,2,primary CTA,Take My Seat,https://www.longevitylifeacademy.com/julie-masterclass/?utm_source=activecampaign&utm_medium=email&utm_campaign=lgv_abandoned_cart_name_details&utm_content=jm-a1-2,Continue My Details,https://www.longevitylifeacademy.com/julie-masterclass/?preview=zoom-link-sample&utm_source=activecampaign&utm_medium=email&utm_campaign=lgv_abandoned_cart_name_details&utm_content=jm-a1-2#pricing,revised
masterclass/jm-a1-2.html,3,footer,Unsubscribe,%UNSUBSCRIBELINK%,Unsubscribe,%UNSUBSCRIBELINK%,unchanged
masterclass/jm-a1-2.html,4,footer,Update preferences,%UPDATELINK%,Update preferences,%UPDATELINK%,unchanged
masterclass/jm-a1-2.html,5,footer,Privacy,https://www.longevitylifeacademy.com/privacy.html,Privacy,https://www.longevitylifeacademy.com/privacy.html,unchanged
masterclass/jm-a1-3.html,1,primary CTA,Complete My Registration,https://www.longevitylifeacademy.com/julie-masterclass/?utm_source=activecampaign&utm_medium=email&utm_campaign=lgv_abandoned_cart_name_details&utm_content=jm-a1-3,Continue My Details,https://www.longevitylifeacademy.com/julie-masterclass/?preview=zoom-link-sample&utm_source=activecampaign&utm_medium=email&utm_campaign=lgv_abandoned_cart_name_details&utm_content=jm-a1-3#pricing,revised
masterclass/jm-a1-3.html,2,primary CTA,Complete My Registration,https://www.longevitylifeacademy.com/julie-masterclass/?utm_source=activecampaign&utm_medium=email&utm_campaign=lgv_abandoned_cart_name_details&utm_content=jm-a1-3,Continue My Details,https://www.longevitylifeacademy.com/julie-masterclass/?preview=zoom-link-sample&utm_source=activecampaign&utm_medium=email&utm_campaign=lgv_abandoned_cart_name_details&utm_content=jm-a1-3#pricing,revised
masterclass/jm-a1-3.html,3,footer,Unsubscribe,%UNSUBSCRIBELINK%,Unsubscribe,%UNSUBSCRIBELINK%,unchanged
masterclass/jm-a1-3.html,4,footer,Update preferences,%UPDATELINK%,Update preferences,%UPDATELINK%,unchanged
masterclass/jm-a1-3.html,5,footer,Privacy,https://www.longevitylifeacademy.com/privacy.html,Privacy,https://www.longevitylifeacademy.com/privacy.html,unchanged
masterclass/jm-a2-1.html,1,primary CTA,Lock In My Date,https://www.longevitylifeacademy.com/julie-masterclass/?utm_source=activecampaign&utm_medium=email&utm_campaign=lgv_abandoned_cart_course_details&utm_content=jm-a2-1,Review Package and Date,https://www.longevitylifeacademy.com/julie-masterclass/?preview=zoom-link-sample&utm_source=activecampaign&utm_medium=email&utm_campaign=lgv_abandoned_cart_course_details&utm_content=jm-a2-1#pricing,revised
masterclass/jm-a2-1.html,2,primary CTA,Lock In My Date,https://www.longevitylifeacademy.com/julie-masterclass/?utm_source=activecampaign&utm_medium=email&utm_campaign=lgv_abandoned_cart_course_details&utm_content=jm-a2-1,Review Package and Date,https://www.longevitylifeacademy.com/julie-masterclass/?preview=zoom-link-sample&utm_source=activecampaign&utm_medium=email&utm_campaign=lgv_abandoned_cart_course_details&utm_content=jm-a2-1#pricing,revised
masterclass/jm-a2-1.html,3,footer,Unsubscribe,%UNSUBSCRIBELINK%,Unsubscribe,%UNSUBSCRIBELINK%,unchanged
masterclass/jm-a2-1.html,4,footer,Update preferences,%UPDATELINK%,Update preferences,%UPDATELINK%,unchanged
masterclass/jm-a2-1.html,5,footer,Privacy,https://www.longevitylifeacademy.com/privacy.html,Privacy,https://www.longevitylifeacademy.com/privacy.html,unchanged
masterclass/jm-a2-2.html,1,primary CTA,Secure My Seat,https://www.longevitylifeacademy.com/julie-masterclass/?utm_source=activecampaign&utm_medium=email&utm_campaign=lgv_abandoned_cart_course_details&utm_content=jm-a2-2,Review Package and Date,https://www.longevitylifeacademy.com/julie-masterclass/?preview=zoom-link-sample&utm_source=activecampaign&utm_medium=email&utm_campaign=lgv_abandoned_cart_course_details&utm_content=jm-a2-2#pricing,revised
masterclass/jm-a2-2.html,2,primary CTA,Secure My Seat,https://www.longevitylifeacademy.com/julie-masterclass/?utm_source=activecampaign&utm_medium=email&utm_campaign=lgv_abandoned_cart_course_details&utm_content=jm-a2-2,Review Package and Date,https://www.longevitylifeacademy.com/julie-masterclass/?preview=zoom-link-sample&utm_source=activecampaign&utm_medium=email&utm_campaign=lgv_abandoned_cart_course_details&utm_content=jm-a2-2#pricing,revised
masterclass/jm-a2-2.html,3,footer,Unsubscribe,%UNSUBSCRIBELINK%,Unsubscribe,%UNSUBSCRIBELINK%,unchanged
masterclass/jm-a2-2.html,4,footer,Update preferences,%UPDATELINK%,Update preferences,%UPDATELINK%,unchanged
masterclass/jm-a2-2.html,5,footer,Privacy,https://www.longevitylifeacademy.com/privacy.html,Privacy,https://www.longevitylifeacademy.com/privacy.html,unchanged
masterclass/jm-a2-3.html,1,primary CTA,Keep My Seat,https://www.longevitylifeacademy.com/julie-masterclass/?utm_source=activecampaign&utm_medium=email&utm_campaign=lgv_abandoned_cart_course_details&utm_content=jm-a2-3,Review Package and Date,https://www.longevitylifeacademy.com/julie-masterclass/?preview=zoom-link-sample&utm_source=activecampaign&utm_medium=email&utm_campaign=lgv_abandoned_cart_course_details&utm_content=jm-a2-3#pricing,revised
masterclass/jm-a2-3.html,2,primary CTA,Keep My Seat,https://www.longevitylifeacademy.com/julie-masterclass/?utm_source=activecampaign&utm_medium=email&utm_campaign=lgv_abandoned_cart_course_details&utm_content=jm-a2-3,Review Package and Date,https://www.longevitylifeacademy.com/julie-masterclass/?preview=zoom-link-sample&utm_source=activecampaign&utm_medium=email&utm_campaign=lgv_abandoned_cart_course_details&utm_content=jm-a2-3#pricing,revised
masterclass/jm-a2-3.html,3,footer,Unsubscribe,%UNSUBSCRIBELINK%,Unsubscribe,%UNSUBSCRIBELINK%,unchanged
masterclass/jm-a2-3.html,4,footer,Update preferences,%UPDATELINK%,Update preferences,%UPDATELINK%,unchanged
masterclass/jm-a2-3.html,5,footer,Privacy,https://www.longevitylifeacademy.com/privacy.html,Privacy,https://www.longevitylifeacademy.com/privacy.html,unchanged
masterclass/jm-a3-1.html,1,primary CTA,Complete My Payment,https://www.longevitylifeacademy.com/julie-masterclass/?utm_source=activecampaign&utm_medium=email&utm_campaign=lgv_abandoned_cart_no_payment&utm_content=jm-a3-1,Review Offer and Complete Booking,https://www.longevitylifeacademy.com/julie-masterclass/?preview=zoom-link-sample&utm_source=activecampaign&utm_medium=email&utm_campaign=lgv_abandoned_cart_no_payment&utm_content=jm-a3-1#pricing,revised
masterclass/jm-a3-1.html,2,primary CTA,Complete My Payment,https://www.longevitylifeacademy.com/julie-masterclass/?utm_source=activecampaign&utm_medium=email&utm_campaign=lgv_abandoned_cart_no_payment&utm_content=jm-a3-1,Review Offer and Complete Booking,https://www.longevitylifeacademy.com/julie-masterclass/?preview=zoom-link-sample&utm_source=activecampaign&utm_medium=email&utm_campaign=lgv_abandoned_cart_no_payment&utm_content=jm-a3-1#pricing,revised
masterclass/jm-a3-1.html,3,footer,Unsubscribe,%UNSUBSCRIBELINK%,Unsubscribe,%UNSUBSCRIBELINK%,unchanged
masterclass/jm-a3-1.html,4,footer,Update preferences,%UPDATELINK%,Update preferences,%UPDATELINK%,unchanged
masterclass/jm-a3-1.html,5,footer,Privacy,https://www.longevitylifeacademy.com/privacy.html,Privacy,https://www.longevitylifeacademy.com/privacy.html,unchanged
masterclass/jm-a3-2.html,1,primary CTA,Finish Checkout,https://www.longevitylifeacademy.com/julie-masterclass/?utm_source=activecampaign&utm_medium=email&utm_campaign=lgv_abandoned_cart_no_payment&utm_content=jm-a3-2,Review Offer and Complete Booking,https://www.longevitylifeacademy.com/julie-masterclass/?preview=zoom-link-sample&utm_source=activecampaign&utm_medium=email&utm_campaign=lgv_abandoned_cart_no_payment&utm_content=jm-a3-2#pricing,revised
masterclass/jm-a3-2.html,2,primary CTA,Finish Checkout,https://www.longevitylifeacademy.com/julie-masterclass/?utm_source=activecampaign&utm_medium=email&utm_campaign=lgv_abandoned_cart_no_payment&utm_content=jm-a3-2,Review Offer and Complete Booking,https://www.longevitylifeacademy.com/julie-masterclass/?preview=zoom-link-sample&utm_source=activecampaign&utm_medium=email&utm_campaign=lgv_abandoned_cart_no_payment&utm_content=jm-a3-2#pricing,revised
masterclass/jm-a3-2.html,3,footer,Unsubscribe,%UNSUBSCRIBELINK%,Unsubscribe,%UNSUBSCRIBELINK%,unchanged
masterclass/jm-a3-2.html,4,footer,Update preferences,%UPDATELINK%,Update preferences,%UPDATELINK%,unchanged
masterclass/jm-a3-2.html,5,footer,Privacy,https://www.longevitylifeacademy.com/privacy.html,Privacy,https://www.longevitylifeacademy.com/privacy.html,unchanged
masterclass/jm-a3-3.html,1,primary CTA,Take My Seat Back,https://www.longevitylifeacademy.com/julie-masterclass/?utm_source=activecampaign&utm_medium=email&utm_campaign=lgv_abandoned_cart_no_payment&utm_content=jm-a3-3,Review Offer and Complete Booking,https://www.longevitylifeacademy.com/julie-masterclass/?preview=zoom-link-sample&utm_source=activecampaign&utm_medium=email&utm_campaign=lgv_abandoned_cart_no_payment&utm_content=jm-a3-3#pricing,revised
masterclass/jm-a3-3.html,2,primary CTA,Take My Seat Back,https://www.longevitylifeacademy.com/julie-masterclass/?utm_source=activecampaign&utm_medium=email&utm_campaign=lgv_abandoned_cart_no_payment&utm_content=jm-a3-3,Review Offer and Complete Booking,https://www.longevitylifeacademy.com/julie-masterclass/?preview=zoom-link-sample&utm_source=activecampaign&utm_medium=email&utm_campaign=lgv_abandoned_cart_no_payment&utm_content=jm-a3-3#pricing,revised
masterclass/jm-a3-3.html,3,footer,Unsubscribe,%UNSUBSCRIBELINK%,Unsubscribe,%UNSUBSCRIBELINK%,unchanged
masterclass/jm-a3-3.html,4,footer,Update preferences,%UPDATELINK%,Update preferences,%UPDATELINK%,unchanged
masterclass/jm-a3-3.html,5,footer,Privacy,https://www.longevitylifeacademy.com/privacy.html,Privacy,https://www.longevitylifeacademy.com/privacy.html,unchanged
masterclass/jm-b1.html,1,primary CTA,Open My Zoom Link,{{zoom_link}},Open your learning platform,https://student.eteachergroup.com/?locale=en&utm_source=activecampaign&utm_medium=email&utm_campaign=lgv_onboarding&utm_content=jm-b1,revised
masterclass/jm-b1.html,2,primary CTA,Open My Zoom Link,{{zoom_link}},Open your learning platform,https://student.eteachergroup.com/?locale=en&utm_source=activecampaign&utm_medium=email&utm_campaign=lgv_onboarding&utm_content=jm-b1,revised
masterclass/jm-b1.html,3,footer,Unsubscribe,%UNSUBSCRIBELINK%,Unsubscribe,%UNSUBSCRIBELINK%,unchanged
masterclass/jm-b1.html,4,footer,Update preferences,%UPDATELINK%,Update preferences,%UPDATELINK%,unchanged
masterclass/jm-b1.html,5,footer,Privacy,https://www.longevitylifeacademy.com/privacy.html,Privacy,https://www.longevitylifeacademy.com/privacy.html,unchanged
masterclass/jm-b1.html,added-1,secondary onboarding Blueprint CTA,,,Explore The Longevity Blueprint,https://longevitylifeacademy.pages.dev/?utm_source=activecampaign&utm_medium=email&utm_campaign=lgv_onboarding&utm_content=jm-b1,added
masterclass/jm-b2.html,1,primary CTA,Open My Zoom Link,{{zoom_link}},Open your learning platform,https://student.eteachergroup.com/?locale=en&utm_source=activecampaign&utm_medium=email&utm_campaign=lgv_onboarding&utm_content=jm-b2,revised
masterclass/jm-b2.html,2,primary CTA,Open My Zoom Link,{{zoom_link}},Open your learning platform,https://student.eteachergroup.com/?locale=en&utm_source=activecampaign&utm_medium=email&utm_campaign=lgv_onboarding&utm_content=jm-b2,revised
masterclass/jm-b2.html,3,footer,Unsubscribe,%UNSUBSCRIBELINK%,Unsubscribe,%UNSUBSCRIBELINK%,unchanged
masterclass/jm-b2.html,4,footer,Update preferences,%UPDATELINK%,Update preferences,%UPDATELINK%,unchanged
masterclass/jm-b2.html,5,footer,Privacy,https://www.longevitylifeacademy.com/privacy.html,Privacy,https://www.longevitylifeacademy.com/privacy.html,unchanged
masterclass/jm-b2.html,added-1,secondary onboarding Blueprint CTA,,,Explore The Longevity Blueprint,https://longevitylifeacademy.pages.dev/?utm_source=activecampaign&utm_medium=email&utm_campaign=lgv_onboarding&utm_content=jm-b2,added
masterclass/jm-b3.html,1,primary CTA,Open My Zoom Link,{{zoom_link}},Open your learning platform,https://student.eteachergroup.com/?locale=en&utm_source=activecampaign&utm_medium=email&utm_campaign=lgv_onboarding&utm_content=jm-b3,revised
masterclass/jm-b3.html,2,primary CTA,Open My Zoom Link,{{zoom_link}},Open your learning platform,https://student.eteachergroup.com/?locale=en&utm_source=activecampaign&utm_medium=email&utm_campaign=lgv_onboarding&utm_content=jm-b3,revised
masterclass/jm-b3.html,3,footer,Unsubscribe,%UNSUBSCRIBELINK%,Unsubscribe,%UNSUBSCRIBELINK%,unchanged
masterclass/jm-b3.html,4,footer,Update preferences,%UPDATELINK%,Update preferences,%UPDATELINK%,unchanged
masterclass/jm-b3.html,5,footer,Privacy,https://www.longevitylifeacademy.com/privacy.html,Privacy,https://www.longevitylifeacademy.com/privacy.html,unchanged
masterclass/jm-b4.html,1,primary CTA,Join The Session,{{zoom_link}},Open your learning platform,https://student.eteachergroup.com/?locale=en&utm_source=activecampaign&utm_medium=email&utm_campaign=lgv_onboarding&utm_content=jm-b4,revised
masterclass/jm-b4.html,2,primary CTA,Join The Session,{{zoom_link}},Open your learning platform,https://student.eteachergroup.com/?locale=en&utm_source=activecampaign&utm_medium=email&utm_campaign=lgv_onboarding&utm_content=jm-b4,revised
masterclass/jm-b4.html,3,footer,Unsubscribe,%UNSUBSCRIBELINK%,Unsubscribe,%UNSUBSCRIBELINK%,unchanged
masterclass/jm-b4.html,4,footer,Update preferences,%UPDATELINK%,Update preferences,%UPDATELINK%,unchanged
masterclass/jm-b4.html,5,footer,Privacy,https://www.longevitylifeacademy.com/privacy.html,Privacy,https://www.longevitylifeacademy.com/privacy.html,unchanged
masterclass/jm-u1.html,1,primary CTA,See The Blueprint,https://www.longevitylifeacademy.com/pricing.html?utm_source=activecampaign&utm_medium=email&utm_campaign=lgv_onboarding&utm_content=jm-u1,,,removed — excluded
masterclass/jm-u1.html,2,primary CTA,See The Blueprint,https://www.longevitylifeacademy.com/pricing.html?utm_source=activecampaign&utm_medium=email&utm_campaign=lgv_onboarding&utm_content=jm-u1,,,removed — excluded
masterclass/jm-u1.html,3,footer,Unsubscribe,%UNSUBSCRIBELINK%,,,removed — excluded
masterclass/jm-u1.html,4,footer,Update preferences,%UPDATELINK%,,,removed — excluded
masterclass/jm-u1.html,5,footer,Privacy,https://www.longevitylifeacademy.com/privacy.html,,,removed — excluded
masterclass/jm-u2.html,1,primary CTA,Explore The Full Course,https://www.longevitylifeacademy.com/pricing.html?utm_source=activecampaign&utm_medium=email&utm_campaign=lgv_onboarding&utm_content=jm-u2,,,removed — excluded
masterclass/jm-u2.html,2,primary CTA,Explore The Full Course,https://www.longevitylifeacademy.com/pricing.html?utm_source=activecampaign&utm_medium=email&utm_campaign=lgv_onboarding&utm_content=jm-u2,,,removed — excluded
masterclass/jm-u2.html,3,footer,Unsubscribe,%UNSUBSCRIBELINK%,,,removed — excluded
masterclass/jm-u2.html,4,footer,Update preferences,%UPDATELINK%,,,removed — excluded
masterclass/jm-u2.html,5,footer,Privacy,https://www.longevitylifeacademy.com/privacy.html,,,removed — excluded
masterclass/jm-u3.html,1,primary CTA,Use My $200 Credit,https://www.longevitylifeacademy.com/pricing.html?utm_source=activecampaign&utm_medium=email&utm_campaign=lgv_onboarding&utm_content=jm-u3,,,removed — excluded
masterclass/jm-u3.html,2,primary CTA,Use My $200 Credit,https://www.longevitylifeacademy.com/pricing.html?utm_source=activecampaign&utm_medium=email&utm_campaign=lgv_onboarding&utm_content=jm-u3,,,removed — excluded
masterclass/jm-u3.html,3,footer,Unsubscribe,%UNSUBSCRIBELINK%,,,removed — excluded
masterclass/jm-u3.html,4,footer,Update preferences,%UPDATELINK%,,,removed — excluded
masterclass/jm-u3.html,5,footer,Privacy,https://www.longevitylifeacademy.com/privacy.html,,,removed — excluded
masterclass/jm-u4.html,1,primary CTA,Enroll With My Credit,https://www.longevitylifeacademy.com/pricing.html?utm_source=activecampaign&utm_medium=email&utm_campaign=lgv_onboarding&utm_content=jm-u4,,,removed — excluded
masterclass/jm-u4.html,2,primary CTA,Enroll With My Credit,https://www.longevitylifeacademy.com/pricing.html?utm_source=activecampaign&utm_medium=email&utm_campaign=lgv_onboarding&utm_content=jm-u4,,,removed — excluded
masterclass/jm-u4.html,3,footer,Unsubscribe,%UNSUBSCRIBELINK%,,,removed — excluded
masterclass/jm-u4.html,4,footer,Update preferences,%UPDATELINK%,,,removed — excluded
masterclass/jm-u4.html,5,footer,Privacy,https://www.longevitylifeacademy.com/privacy.html,,,removed — excluded
masterclass/jm-x1.html,1,primary CTA,See Session Details,https://www.longevitylifeacademy.com/julie-masterclass/?utm_source=activecampaign&utm_medium=email&utm_campaign=lgv_no_show_buyers&utm_content=jm-x1,Open your learning platform,https://student.eteachergroup.com/?locale=en&utm_source=activecampaign&utm_medium=email&utm_campaign=lgv_no_show_buyers&utm_content=jm-x1,revised
masterclass/jm-x1.html,2,primary CTA,See Session Details,https://www.longevitylifeacademy.com/julie-masterclass/?utm_source=activecampaign&utm_medium=email&utm_campaign=lgv_no_show_buyers&utm_content=jm-x1,Open your learning platform,https://student.eteachergroup.com/?locale=en&utm_source=activecampaign&utm_medium=email&utm_campaign=lgv_no_show_buyers&utm_content=jm-x1,revised
masterclass/jm-x1.html,3,footer,Unsubscribe,%UNSUBSCRIBELINK%,Unsubscribe,%UNSUBSCRIBELINK%,unchanged
masterclass/jm-x1.html,4,footer,Update preferences,%UPDATELINK%,Update preferences,%UPDATELINK%,unchanged
masterclass/jm-x1.html,5,footer,Privacy,https://www.longevitylifeacademy.com/privacy.html,Privacy,https://www.longevitylifeacademy.com/privacy.html,unchanged
masterclass/jm-x2.html,1,primary CTA,Open My Zoom Link,{{zoom_link}},Open your learning platform,https://student.eteachergroup.com/?locale=en&utm_source=activecampaign&utm_medium=email&utm_campaign=lgv_no_show_buyers&utm_content=jm-x2,revised
masterclass/jm-x2.html,2,primary CTA,Open My Zoom Link,{{zoom_link}},Open your learning platform,https://student.eteachergroup.com/?locale=en&utm_source=activecampaign&utm_medium=email&utm_campaign=lgv_no_show_buyers&utm_content=jm-x2,revised
masterclass/jm-x2.html,3,footer,Unsubscribe,%UNSUBSCRIBELINK%,Unsubscribe,%UNSUBSCRIBELINK%,unchanged
masterclass/jm-x2.html,4,footer,Update preferences,%UPDATELINK%,Update preferences,%UPDATELINK%,unchanged
masterclass/jm-x2.html,5,footer,Privacy,https://www.longevitylifeacademy.com/privacy.html,Privacy,https://www.longevitylifeacademy.com/privacy.html,unchanged
masterclass/jm-x3.html,1,primary CTA,Open My Zoom Link,{{zoom_link}},Open your learning platform,https://student.eteachergroup.com/?locale=en&utm_source=activecampaign&utm_medium=email&utm_campaign=lgv_no_show_buyers&utm_content=jm-x3,revised
masterclass/jm-x3.html,2,primary CTA,Open My Zoom Link,{{zoom_link}},Open your learning platform,https://student.eteachergroup.com/?locale=en&utm_source=activecampaign&utm_medium=email&utm_campaign=lgv_no_show_buyers&utm_content=jm-x3,revised
masterclass/jm-x3.html,3,footer,Unsubscribe,%UNSUBSCRIBELINK%,Unsubscribe,%UNSUBSCRIBELINK%,unchanged
masterclass/jm-x3.html,4,footer,Update preferences,%UPDATELINK%,Update preferences,%UPDATELINK%,unchanged
masterclass/jm-x3.html,5,footer,Privacy,https://www.longevitylifeacademy.com/privacy.html,Privacy,https://www.longevitylifeacademy.com/privacy.html,unchanged
vip-masterclass/jm-a1-1.html,1,primary CTA,Finish My Registration,https://www.longevitylifeacademy.com/julie-masterclass/?utm_source=activecampaign&utm_medium=email&utm_campaign=lgv_abandoned_cart_name_details&utm_content=jm-a1-1,Continue My Details,https://www.longevitylifeacademy.com/julie-masterclass/?preview=zoom-link-sample&utm_source=activecampaign&utm_medium=email&utm_campaign=lgv_abandoned_cart_name_details&utm_content=jm-a1-1#pricing,revised
vip-masterclass/jm-a1-1.html,2,primary CTA,Finish My Registration,https://www.longevitylifeacademy.com/julie-masterclass/?utm_source=activecampaign&utm_medium=email&utm_campaign=lgv_abandoned_cart_name_details&utm_content=jm-a1-1,Continue My Details,https://www.longevitylifeacademy.com/julie-masterclass/?preview=zoom-link-sample&utm_source=activecampaign&utm_medium=email&utm_campaign=lgv_abandoned_cart_name_details&utm_content=jm-a1-1#pricing,revised
vip-masterclass/jm-a1-1.html,3,footer,Unsubscribe,%UNSUBSCRIBELINK%,Unsubscribe,%UNSUBSCRIBELINK%,unchanged
vip-masterclass/jm-a1-1.html,4,footer,Update preferences,%UPDATELINK%,Update preferences,%UPDATELINK%,unchanged
vip-masterclass/jm-a1-1.html,5,footer,Privacy,https://www.longevitylifeacademy.com/privacy.html,Privacy,https://www.longevitylifeacademy.com/privacy.html,unchanged
vip-masterclass/jm-a1-2.html,1,primary CTA,Take My Seat,https://www.longevitylifeacademy.com/julie-masterclass/?utm_source=activecampaign&utm_medium=email&utm_campaign=lgv_abandoned_cart_name_details&utm_content=jm-a1-2,Continue My Details,https://www.longevitylifeacademy.com/julie-masterclass/?preview=zoom-link-sample&utm_source=activecampaign&utm_medium=email&utm_campaign=lgv_abandoned_cart_name_details&utm_content=jm-a1-2#pricing,revised
vip-masterclass/jm-a1-2.html,2,primary CTA,Take My Seat,https://www.longevitylifeacademy.com/julie-masterclass/?utm_source=activecampaign&utm_medium=email&utm_campaign=lgv_abandoned_cart_name_details&utm_content=jm-a1-2,Continue My Details,https://www.longevitylifeacademy.com/julie-masterclass/?preview=zoom-link-sample&utm_source=activecampaign&utm_medium=email&utm_campaign=lgv_abandoned_cart_name_details&utm_content=jm-a1-2#pricing,revised
vip-masterclass/jm-a1-2.html,3,footer,Unsubscribe,%UNSUBSCRIBELINK%,Unsubscribe,%UNSUBSCRIBELINK%,unchanged
vip-masterclass/jm-a1-2.html,4,footer,Update preferences,%UPDATELINK%,Update preferences,%UPDATELINK%,unchanged
vip-masterclass/jm-a1-2.html,5,footer,Privacy,https://www.longevitylifeacademy.com/privacy.html,Privacy,https://www.longevitylifeacademy.com/privacy.html,unchanged
vip-masterclass/jm-a1-3.html,1,primary CTA,Complete My Registration,https://www.longevitylifeacademy.com/julie-masterclass/?utm_source=activecampaign&utm_medium=email&utm_campaign=lgv_abandoned_cart_name_details&utm_content=jm-a1-3,Continue My Details,https://www.longevitylifeacademy.com/julie-masterclass/?preview=zoom-link-sample&utm_source=activecampaign&utm_medium=email&utm_campaign=lgv_abandoned_cart_name_details&utm_content=jm-a1-3#pricing,revised
vip-masterclass/jm-a1-3.html,2,primary CTA,Complete My Registration,https://www.longevitylifeacademy.com/julie-masterclass/?utm_source=activecampaign&utm_medium=email&utm_campaign=lgv_abandoned_cart_name_details&utm_content=jm-a1-3,Continue My Details,https://www.longevitylifeacademy.com/julie-masterclass/?preview=zoom-link-sample&utm_source=activecampaign&utm_medium=email&utm_campaign=lgv_abandoned_cart_name_details&utm_content=jm-a1-3#pricing,revised
vip-masterclass/jm-a1-3.html,3,footer,Unsubscribe,%UNSUBSCRIBELINK%,Unsubscribe,%UNSUBSCRIBELINK%,unchanged
vip-masterclass/jm-a1-3.html,4,footer,Update preferences,%UPDATELINK%,Update preferences,%UPDATELINK%,unchanged
vip-masterclass/jm-a1-3.html,5,footer,Privacy,https://www.longevitylifeacademy.com/privacy.html,Privacy,https://www.longevitylifeacademy.com/privacy.html,unchanged
vip-masterclass/jm-a2-1.html,1,primary CTA,Lock In My Date,https://www.longevitylifeacademy.com/julie-masterclass/?utm_source=activecampaign&utm_medium=email&utm_campaign=lgv_abandoned_cart_course_details&utm_content=jm-a2-1,Review Package and Date,https://www.longevitylifeacademy.com/julie-masterclass/?preview=zoom-link-sample&utm_source=activecampaign&utm_medium=email&utm_campaign=lgv_abandoned_cart_course_details&utm_content=jm-a2-1#pricing,revised
vip-masterclass/jm-a2-1.html,2,primary CTA,Lock In My Date,https://www.longevitylifeacademy.com/julie-masterclass/?utm_source=activecampaign&utm_medium=email&utm_campaign=lgv_abandoned_cart_course_details&utm_content=jm-a2-1,Review Package and Date,https://www.longevitylifeacademy.com/julie-masterclass/?preview=zoom-link-sample&utm_source=activecampaign&utm_medium=email&utm_campaign=lgv_abandoned_cart_course_details&utm_content=jm-a2-1#pricing,revised
vip-masterclass/jm-a2-1.html,3,footer,Unsubscribe,%UNSUBSCRIBELINK%,Unsubscribe,%UNSUBSCRIBELINK%,unchanged
vip-masterclass/jm-a2-1.html,4,footer,Update preferences,%UPDATELINK%,Update preferences,%UPDATELINK%,unchanged
vip-masterclass/jm-a2-1.html,5,footer,Privacy,https://www.longevitylifeacademy.com/privacy.html,Privacy,https://www.longevitylifeacademy.com/privacy.html,unchanged
vip-masterclass/jm-a2-2.html,1,primary CTA,Secure My Seat,https://www.longevitylifeacademy.com/julie-masterclass/?utm_source=activecampaign&utm_medium=email&utm_campaign=lgv_abandoned_cart_course_details&utm_content=jm-a2-2,Review Package and Date,https://www.longevitylifeacademy.com/julie-masterclass/?preview=zoom-link-sample&utm_source=activecampaign&utm_medium=email&utm_campaign=lgv_abandoned_cart_course_details&utm_content=jm-a2-2#pricing,revised
vip-masterclass/jm-a2-2.html,2,primary CTA,Secure My Seat,https://www.longevitylifeacademy.com/julie-masterclass/?utm_source=activecampaign&utm_medium=email&utm_campaign=lgv_abandoned_cart_course_details&utm_content=jm-a2-2,Review Package and Date,https://www.longevitylifeacademy.com/julie-masterclass/?preview=zoom-link-sample&utm_source=activecampaign&utm_medium=email&utm_campaign=lgv_abandoned_cart_course_details&utm_content=jm-a2-2#pricing,revised
vip-masterclass/jm-a2-2.html,3,footer,Unsubscribe,%UNSUBSCRIBELINK%,Unsubscribe,%UNSUBSCRIBELINK%,unchanged
vip-masterclass/jm-a2-2.html,4,footer,Update preferences,%UPDATELINK%,Update preferences,%UPDATELINK%,unchanged
vip-masterclass/jm-a2-2.html,5,footer,Privacy,https://www.longevitylifeacademy.com/privacy.html,Privacy,https://www.longevitylifeacademy.com/privacy.html,unchanged
vip-masterclass/jm-a2-3.html,1,primary CTA,Keep My Seat,https://www.longevitylifeacademy.com/julie-masterclass/?utm_source=activecampaign&utm_medium=email&utm_campaign=lgv_abandoned_cart_course_details&utm_content=jm-a2-3,Review Package and Date,https://www.longevitylifeacademy.com/julie-masterclass/?preview=zoom-link-sample&utm_source=activecampaign&utm_medium=email&utm_campaign=lgv_abandoned_cart_course_details&utm_content=jm-a2-3#pricing,revised
vip-masterclass/jm-a2-3.html,2,primary CTA,Keep My Seat,https://www.longevitylifeacademy.com/julie-masterclass/?utm_source=activecampaign&utm_medium=email&utm_campaign=lgv_abandoned_cart_course_details&utm_content=jm-a2-3,Review Package and Date,https://www.longevitylifeacademy.com/julie-masterclass/?preview=zoom-link-sample&utm_source=activecampaign&utm_medium=email&utm_campaign=lgv_abandoned_cart_course_details&utm_content=jm-a2-3#pricing,revised
vip-masterclass/jm-a2-3.html,3,footer,Unsubscribe,%UNSUBSCRIBELINK%,Unsubscribe,%UNSUBSCRIBELINK%,unchanged
vip-masterclass/jm-a2-3.html,4,footer,Update preferences,%UPDATELINK%,Update preferences,%UPDATELINK%,unchanged
vip-masterclass/jm-a2-3.html,5,footer,Privacy,https://www.longevitylifeacademy.com/privacy.html,Privacy,https://www.longevitylifeacademy.com/privacy.html,unchanged
vip-masterclass/jm-a3-1.html,1,primary CTA,Complete My Payment,https://www.longevitylifeacademy.com/julie-masterclass/?utm_source=activecampaign&utm_medium=email&utm_campaign=lgv_abandoned_cart_no_payment&utm_content=jm-a3-1,Review Offer and Complete Booking,https://www.longevitylifeacademy.com/julie-masterclass/?preview=zoom-link-sample&utm_source=activecampaign&utm_medium=email&utm_campaign=lgv_abandoned_cart_no_payment&utm_content=jm-a3-1#pricing,revised
vip-masterclass/jm-a3-1.html,2,primary CTA,Complete My Payment,https://www.longevitylifeacademy.com/julie-masterclass/?utm_source=activecampaign&utm_medium=email&utm_campaign=lgv_abandoned_cart_no_payment&utm_content=jm-a3-1,Review Offer and Complete Booking,https://www.longevitylifeacademy.com/julie-masterclass/?preview=zoom-link-sample&utm_source=activecampaign&utm_medium=email&utm_campaign=lgv_abandoned_cart_no_payment&utm_content=jm-a3-1#pricing,revised
vip-masterclass/jm-a3-1.html,3,footer,Unsubscribe,%UNSUBSCRIBELINK%,Unsubscribe,%UNSUBSCRIBELINK%,unchanged
vip-masterclass/jm-a3-1.html,4,footer,Update preferences,%UPDATELINK%,Update preferences,%UPDATELINK%,unchanged
vip-masterclass/jm-a3-1.html,5,footer,Privacy,https://www.longevitylifeacademy.com/privacy.html,Privacy,https://www.longevitylifeacademy.com/privacy.html,unchanged
vip-masterclass/jm-a3-2.html,1,primary CTA,Finish Checkout,https://www.longevitylifeacademy.com/julie-masterclass/?utm_source=activecampaign&utm_medium=email&utm_campaign=lgv_abandoned_cart_no_payment&utm_content=jm-a3-2,Review Offer and Complete Booking,https://www.longevitylifeacademy.com/julie-masterclass/?preview=zoom-link-sample&utm_source=activecampaign&utm_medium=email&utm_campaign=lgv_abandoned_cart_no_payment&utm_content=jm-a3-2#pricing,revised
vip-masterclass/jm-a3-2.html,2,primary CTA,Finish Checkout,https://www.longevitylifeacademy.com/julie-masterclass/?utm_source=activecampaign&utm_medium=email&utm_campaign=lgv_abandoned_cart_no_payment&utm_content=jm-a3-2,Review Offer and Complete Booking,https://www.longevitylifeacademy.com/julie-masterclass/?preview=zoom-link-sample&utm_source=activecampaign&utm_medium=email&utm_campaign=lgv_abandoned_cart_no_payment&utm_content=jm-a3-2#pricing,revised
vip-masterclass/jm-a3-2.html,3,footer,Unsubscribe,%UNSUBSCRIBELINK%,Unsubscribe,%UNSUBSCRIBELINK%,unchanged
vip-masterclass/jm-a3-2.html,4,footer,Update preferences,%UPDATELINK%,Update preferences,%UPDATELINK%,unchanged
vip-masterclass/jm-a3-2.html,5,footer,Privacy,https://www.longevitylifeacademy.com/privacy.html,Privacy,https://www.longevitylifeacademy.com/privacy.html,unchanged
vip-masterclass/jm-a3-3.html,1,primary CTA,Take My Seat Back,https://www.longevitylifeacademy.com/julie-masterclass/?utm_source=activecampaign&utm_medium=email&utm_campaign=lgv_abandoned_cart_no_payment&utm_content=jm-a3-3,Review Offer and Complete Booking,https://www.longevitylifeacademy.com/julie-masterclass/?preview=zoom-link-sample&utm_source=activecampaign&utm_medium=email&utm_campaign=lgv_abandoned_cart_no_payment&utm_content=jm-a3-3#pricing,revised
vip-masterclass/jm-a3-3.html,2,primary CTA,Take My Seat Back,https://www.longevitylifeacademy.com/julie-masterclass/?utm_source=activecampaign&utm_medium=email&utm_campaign=lgv_abandoned_cart_no_payment&utm_content=jm-a3-3,Review Offer and Complete Booking,https://www.longevitylifeacademy.com/julie-masterclass/?preview=zoom-link-sample&utm_source=activecampaign&utm_medium=email&utm_campaign=lgv_abandoned_cart_no_payment&utm_content=jm-a3-3#pricing,revised
vip-masterclass/jm-a3-3.html,3,footer,Unsubscribe,%UNSUBSCRIBELINK%,Unsubscribe,%UNSUBSCRIBELINK%,unchanged
vip-masterclass/jm-a3-3.html,4,footer,Update preferences,%UPDATELINK%,Update preferences,%UPDATELINK%,unchanged
vip-masterclass/jm-a3-3.html,5,footer,Privacy,https://www.longevitylifeacademy.com/privacy.html,Privacy,https://www.longevitylifeacademy.com/privacy.html,unchanged
vip-masterclass/jm-b1.html,1,primary CTA,Open My Zoom Link,{{zoom_link}},Open your learning platform,https://student.eteachergroup.com/?locale=en&utm_source=activecampaign&utm_medium=email&utm_campaign=lgv_onboarding&utm_content=jm-b1,revised
vip-masterclass/jm-b1.html,2,primary CTA,Open My Zoom Link,{{zoom_link}},Open your learning platform,https://student.eteachergroup.com/?locale=en&utm_source=activecampaign&utm_medium=email&utm_campaign=lgv_onboarding&utm_content=jm-b1,revised
vip-masterclass/jm-b1.html,3,footer,Unsubscribe,%UNSUBSCRIBELINK%,Unsubscribe,%UNSUBSCRIBELINK%,unchanged
vip-masterclass/jm-b1.html,4,footer,Update preferences,%UPDATELINK%,Update preferences,%UPDATELINK%,unchanged
vip-masterclass/jm-b1.html,5,footer,Privacy,https://www.longevitylifeacademy.com/privacy.html,Privacy,https://www.longevitylifeacademy.com/privacy.html,unchanged
vip-masterclass/jm-b1.html,added-1,secondary onboarding Blueprint CTA,,,Explore The Longevity Blueprint,https://longevitylifeacademy.pages.dev/?utm_source=activecampaign&utm_medium=email&utm_campaign=lgv_onboarding&utm_content=jm-b1,added
vip-masterclass/jm-b2.html,1,primary CTA,Open My Zoom Link,{{zoom_link}},Open your learning platform,https://student.eteachergroup.com/?locale=en&utm_source=activecampaign&utm_medium=email&utm_campaign=lgv_onboarding&utm_content=jm-b2,revised
vip-masterclass/jm-b2.html,2,primary CTA,Open My Zoom Link,{{zoom_link}},Open your learning platform,https://student.eteachergroup.com/?locale=en&utm_source=activecampaign&utm_medium=email&utm_campaign=lgv_onboarding&utm_content=jm-b2,revised
vip-masterclass/jm-b2.html,3,footer,Unsubscribe,%UNSUBSCRIBELINK%,Unsubscribe,%UNSUBSCRIBELINK%,unchanged
vip-masterclass/jm-b2.html,4,footer,Update preferences,%UPDATELINK%,Update preferences,%UPDATELINK%,unchanged
vip-masterclass/jm-b2.html,5,footer,Privacy,https://www.longevitylifeacademy.com/privacy.html,Privacy,https://www.longevitylifeacademy.com/privacy.html,unchanged
vip-masterclass/jm-b2.html,added-1,secondary onboarding Blueprint CTA,,,Explore The Longevity Blueprint,https://longevitylifeacademy.pages.dev/?utm_source=activecampaign&utm_medium=email&utm_campaign=lgv_onboarding&utm_content=jm-b2,added
vip-masterclass/jm-b3.html,1,primary CTA,Open My Zoom Link,{{zoom_link}},Open your learning platform,https://student.eteachergroup.com/?locale=en&utm_source=activecampaign&utm_medium=email&utm_campaign=lgv_onboarding&utm_content=jm-b3,revised
vip-masterclass/jm-b3.html,2,primary CTA,Open My Zoom Link,{{zoom_link}},Open your learning platform,https://student.eteachergroup.com/?locale=en&utm_source=activecampaign&utm_medium=email&utm_campaign=lgv_onboarding&utm_content=jm-b3,revised
vip-masterclass/jm-b3.html,3,footer,Unsubscribe,%UNSUBSCRIBELINK%,Unsubscribe,%UNSUBSCRIBELINK%,unchanged
vip-masterclass/jm-b3.html,4,footer,Update preferences,%UPDATELINK%,Update preferences,%UPDATELINK%,unchanged
vip-masterclass/jm-b3.html,5,footer,Privacy,https://www.longevitylifeacademy.com/privacy.html,Privacy,https://www.longevitylifeacademy.com/privacy.html,unchanged
vip-masterclass/jm-b4.html,1,primary CTA,Join The Session,{{zoom_link}},Open your learning platform,https://student.eteachergroup.com/?locale=en&utm_source=activecampaign&utm_medium=email&utm_campaign=lgv_onboarding&utm_content=jm-b4,revised
vip-masterclass/jm-b4.html,2,primary CTA,Join The Session,{{zoom_link}},Open your learning platform,https://student.eteachergroup.com/?locale=en&utm_source=activecampaign&utm_medium=email&utm_campaign=lgv_onboarding&utm_content=jm-b4,revised
vip-masterclass/jm-b4.html,3,footer,Unsubscribe,%UNSUBSCRIBELINK%,Unsubscribe,%UNSUBSCRIBELINK%,unchanged
vip-masterclass/jm-b4.html,4,footer,Update preferences,%UPDATELINK%,Update preferences,%UPDATELINK%,unchanged
vip-masterclass/jm-b4.html,5,footer,Privacy,https://www.longevitylifeacademy.com/privacy.html,Privacy,https://www.longevitylifeacademy.com/privacy.html,unchanged
vip-masterclass/jm-u1.html,1,primary CTA,See The Blueprint,https://www.longevitylifeacademy.com/pricing.html?utm_source=activecampaign&utm_medium=email&utm_campaign=lgv_onboarding&utm_content=jm-u1,See The Blueprint,https://longevitylifeacademy.pages.dev/?enroll=1&code=MASTERCLASS-VIP&utm_source=activecampaign&utm_medium=email&utm_campaign=lgv_onboarding&utm_content=jm-u1,revised
vip-masterclass/jm-u1.html,2,primary CTA,See The Blueprint,https://www.longevitylifeacademy.com/pricing.html?utm_source=activecampaign&utm_medium=email&utm_campaign=lgv_onboarding&utm_content=jm-u1,See The Blueprint,https://longevitylifeacademy.pages.dev/?enroll=1&code=MASTERCLASS-VIP&utm_source=activecampaign&utm_medium=email&utm_campaign=lgv_onboarding&utm_content=jm-u1,revised
vip-masterclass/jm-u1.html,3,footer,Unsubscribe,%UNSUBSCRIBELINK%,Unsubscribe,%UNSUBSCRIBELINK%,unchanged
vip-masterclass/jm-u1.html,4,footer,Update preferences,%UPDATELINK%,Update preferences,%UPDATELINK%,unchanged
vip-masterclass/jm-u1.html,5,footer,Privacy,https://www.longevitylifeacademy.com/privacy.html,Privacy,https://www.longevitylifeacademy.com/privacy.html,unchanged
vip-masterclass/jm-u2.html,1,primary CTA,Explore The Full Course,https://www.longevitylifeacademy.com/pricing.html?utm_source=activecampaign&utm_medium=email&utm_campaign=lgv_onboarding&utm_content=jm-u2,Explore The Full Course,https://longevitylifeacademy.pages.dev/?enroll=1&code=MASTERCLASS-VIP&utm_source=activecampaign&utm_medium=email&utm_campaign=lgv_onboarding&utm_content=jm-u2,revised
vip-masterclass/jm-u2.html,2,primary CTA,Explore The Full Course,https://www.longevitylifeacademy.com/pricing.html?utm_source=activecampaign&utm_medium=email&utm_campaign=lgv_onboarding&utm_content=jm-u2,Explore The Full Course,https://longevitylifeacademy.pages.dev/?enroll=1&code=MASTERCLASS-VIP&utm_source=activecampaign&utm_medium=email&utm_campaign=lgv_onboarding&utm_content=jm-u2,revised
vip-masterclass/jm-u2.html,3,footer,Unsubscribe,%UNSUBSCRIBELINK%,Unsubscribe,%UNSUBSCRIBELINK%,unchanged
vip-masterclass/jm-u2.html,4,footer,Update preferences,%UPDATELINK%,Update preferences,%UPDATELINK%,unchanged
vip-masterclass/jm-u2.html,5,footer,Privacy,https://www.longevitylifeacademy.com/privacy.html,Privacy,https://www.longevitylifeacademy.com/privacy.html,unchanged
vip-masterclass/jm-u3.html,1,primary CTA,Use My $200 Credit,https://www.longevitylifeacademy.com/pricing.html?utm_source=activecampaign&utm_medium=email&utm_campaign=lgv_onboarding&utm_content=jm-u3,Explore My $249 Course Credit,https://longevitylifeacademy.pages.dev/?enroll=1&code=MASTERCLASS-VIP&utm_source=activecampaign&utm_medium=email&utm_campaign=lgv_onboarding&utm_content=jm-u3,revised
vip-masterclass/jm-u3.html,2,primary CTA,Use My $200 Credit,https://www.longevitylifeacademy.com/pricing.html?utm_source=activecampaign&utm_medium=email&utm_campaign=lgv_onboarding&utm_content=jm-u3,Explore My $249 Course Credit,https://longevitylifeacademy.pages.dev/?enroll=1&code=MASTERCLASS-VIP&utm_source=activecampaign&utm_medium=email&utm_campaign=lgv_onboarding&utm_content=jm-u3,revised
vip-masterclass/jm-u3.html,3,footer,Unsubscribe,%UNSUBSCRIBELINK%,Unsubscribe,%UNSUBSCRIBELINK%,unchanged
vip-masterclass/jm-u3.html,4,footer,Update preferences,%UPDATELINK%,Update preferences,%UPDATELINK%,unchanged
vip-masterclass/jm-u3.html,5,footer,Privacy,https://www.longevitylifeacademy.com/privacy.html,Privacy,https://www.longevitylifeacademy.com/privacy.html,unchanged
vip-masterclass/jm-u4.html,1,primary CTA,Enroll With My Credit,https://www.longevitylifeacademy.com/pricing.html?utm_source=activecampaign&utm_medium=email&utm_campaign=lgv_onboarding&utm_content=jm-u4,Enroll With My $249 Course Credit,https://longevitylifeacademy.pages.dev/?enroll=1&code=MASTERCLASS-VIP&utm_source=activecampaign&utm_medium=email&utm_campaign=lgv_onboarding&utm_content=jm-u4,revised
vip-masterclass/jm-u4.html,2,primary CTA,Enroll With My Credit,https://www.longevitylifeacademy.com/pricing.html?utm_source=activecampaign&utm_medium=email&utm_campaign=lgv_onboarding&utm_content=jm-u4,Enroll With My $249 Course Credit,https://longevitylifeacademy.pages.dev/?enroll=1&code=MASTERCLASS-VIP&utm_source=activecampaign&utm_medium=email&utm_campaign=lgv_onboarding&utm_content=jm-u4,revised
vip-masterclass/jm-u4.html,3,footer,Unsubscribe,%UNSUBSCRIBELINK%,Unsubscribe,%UNSUBSCRIBELINK%,unchanged
vip-masterclass/jm-u4.html,4,footer,Update preferences,%UPDATELINK%,Update preferences,%UPDATELINK%,unchanged
vip-masterclass/jm-u4.html,5,footer,Privacy,https://www.longevitylifeacademy.com/privacy.html,Privacy,https://www.longevitylifeacademy.com/privacy.html,unchanged
vip-masterclass/jm-x1.html,1,primary CTA,See Session Details,https://www.longevitylifeacademy.com/julie-masterclass/?utm_source=activecampaign&utm_medium=email&utm_campaign=lgv_no_show_buyers&utm_content=jm-x1,Open your learning platform,https://student.eteachergroup.com/?locale=en&utm_source=activecampaign&utm_medium=email&utm_campaign=lgv_no_show_buyers&utm_content=jm-x1,revised
vip-masterclass/jm-x1.html,2,primary CTA,See Session Details,https://www.longevitylifeacademy.com/julie-masterclass/?utm_source=activecampaign&utm_medium=email&utm_campaign=lgv_no_show_buyers&utm_content=jm-x1,Open your learning platform,https://student.eteachergroup.com/?locale=en&utm_source=activecampaign&utm_medium=email&utm_campaign=lgv_no_show_buyers&utm_content=jm-x1,revised
vip-masterclass/jm-x1.html,3,footer,Unsubscribe,%UNSUBSCRIBELINK%,Unsubscribe,%UNSUBSCRIBELINK%,unchanged
vip-masterclass/jm-x1.html,4,footer,Update preferences,%UPDATELINK%,Update preferences,%UPDATELINK%,unchanged
vip-masterclass/jm-x1.html,5,footer,Privacy,https://www.longevitylifeacademy.com/privacy.html,Privacy,https://www.longevitylifeacademy.com/privacy.html,unchanged
vip-masterclass/jm-x2.html,1,primary CTA,Open My Zoom Link,{{zoom_link}},Open your learning platform,https://student.eteachergroup.com/?locale=en&utm_source=activecampaign&utm_medium=email&utm_campaign=lgv_no_show_buyers&utm_content=jm-x2,revised
vip-masterclass/jm-x2.html,2,primary CTA,Open My Zoom Link,{{zoom_link}},Open your learning platform,https://student.eteachergroup.com/?locale=en&utm_source=activecampaign&utm_medium=email&utm_campaign=lgv_no_show_buyers&utm_content=jm-x2,revised
vip-masterclass/jm-x2.html,3,footer,Unsubscribe,%UNSUBSCRIBELINK%,Unsubscribe,%UNSUBSCRIBELINK%,unchanged
vip-masterclass/jm-x2.html,4,footer,Update preferences,%UPDATELINK%,Update preferences,%UPDATELINK%,unchanged
vip-masterclass/jm-x2.html,5,footer,Privacy,https://www.longevitylifeacademy.com/privacy.html,Privacy,https://www.longevitylifeacademy.com/privacy.html,unchanged
vip-masterclass/jm-x3.html,1,primary CTA,Open My Zoom Link,{{zoom_link}},Open your learning platform,https://student.eteachergroup.com/?locale=en&utm_source=activecampaign&utm_medium=email&utm_campaign=lgv_no_show_buyers&utm_content=jm-x3,revised
vip-masterclass/jm-x3.html,2,primary CTA,Open My Zoom Link,{{zoom_link}},Open your learning platform,https://student.eteachergroup.com/?locale=en&utm_source=activecampaign&utm_medium=email&utm_campaign=lgv_no_show_buyers&utm_content=jm-x3,revised
vip-masterclass/jm-x3.html,3,footer,Unsubscribe,%UNSUBSCRIBELINK%,Unsubscribe,%UNSUBSCRIBELINK%,unchanged
vip-masterclass/jm-x3.html,4,footer,Update preferences,%UPDATELINK%,Update preferences,%UPDATELINK%,unchanged
vip-masterclass/jm-x3.html,5,footer,Privacy,https://www.longevitylifeacademy.com/privacy.html,Privacy,https://www.longevitylifeacademy.com/privacy.html,unchanged
